{"overall": {"5": 0.9648868028032723, "10": 1.0, "15": 1.0}, "object": {"005_tomato_soup_can": {"5": 0.9648868028032723, "10": 1.0, "15": 1.0}}}